Word,Count
,28
package,15
tool,12
TODO,4
-,2
tensor,2
inversion,2
and,2
github.com/ArturB/Multilinear,2
division,2
cpphs-1.20.2,1
bytestring-0.10.8.1,1
github.com/commercialhaskell/stack.git,1
ghc-pkg-8.0.1,1
NOT,1
docs.haskellstack.org/en/stable/yaml_configuration/,1
csv-enumerator-0.10.2.0,1
en.wikipedia.org/wiki/Einstein_notation>,1
example.com/foo/bar/baz-0.0.2.tar.gz,1
haddock-2.17.2,1
statistics-0.13.3.0,1
transformers-0.5.2.0,1
alex-3.1.7,1
en.wikipedia.org/wiki/Matrix_(mathematics)>,1
hpc-0.67,1
strip-2.25,1
mwc-random-0.13.5.0,1
zlib-0.6.1.2,1
automatically,1
en.wikipedia.org/wiki/Covariance_and_contravariance_of_vectors>,1
cereal-0.5.4.0,1
Cabal,1
vector-0.11.0.0,1
gcc-5.2.0,1
happy-1.19.5,1
hscolour-1.24,1
primitive-0.6.1.0,1
EDIT:,1
either-4.4.1.1,1
hashable-1.2.4.0,1
containers-0.5.7.1,1
is,1
aeson-0.11.3.0,1
generated,1
hsc2hs-0.68,1
by,1
Multilinear-0.8.0.0,1
DO,1
file,1
base-4.9.0.0,1
pkg-config-0.28,1
This,1
github.com/commercialhaskell/stack/commit/e7b331f14bcffb8367cd58fbfc8b40ec7642100a,1
ghc-8.0.1,1
